0,SansAnimation,Tired,,,,,,,
0,SansHead,EyesClosed,,,,,,,
0,SansText,Just burn in hell.,,,,,,,
0,CombatZoneResizeInstant,239,226,404,391,,,,
0,Sound,Flash,,,,,,,
0,BlackScreen,1,,,,,,,
0.6,BlackScreen,0,,,,,,,
0,Sound,Flash,,,,,,,
0,HeartTeleport,320,304,,,,,,
0,HeartMode,0,,,,,,,
0,SansBody,HandDown,,,,,,,
0,SansHead,BlueEye,,,,,,,
0,Sound,GasterBlaster,1.4,,,,,,
0.26666,SansSlam,1,,,,,,,
0.5,SansBody,HandUp,,,,,,,
0,SansHead,NoEyes,,,,,,,
0,GasterBlaster,1,0,0,189,246,0,0.333,0.26666
0,GasterBlaster,1,0,0,259,166,90,0.333,0.26666
0,GasterBlaster,1,640,480,449,366,180,0.333,0.26666
0,GasterBlaster,1,640,480,379,446,270,0.333,0.26666
0.2,BoneStab,1,54,0.16666,1,,,,
0.7,HeartMode,0,,,,,,,
0,SansBody,HandRight,,,,,,,
0,Sound,Ding,,,,,,,
0,GasterBlaster,1,0,0,259,166,90,0.333,0.26666
0,GasterBlaster,1,640,480,379,446,270,0.333,0.26666
0.4,Sound,GasterBlaster,1.4,,,,,,
0,SineBones,20,-24,360,25,,,,
0.5,GasterBlaster,1,0,0,189,246,0,0.333,0.26666
0,GasterBlaster,1,640,480,449,366,180,0.333,0.26666
0.9,SansAnimation,Tired,,,,,,,
0,GasterBlaster,1,0,0,189,246,0,0.333,0.2
0,GasterBlaster,1,0,0,259,166,90,0.333,0.2
0,GasterBlaster,1,640,480,449,366,180,0.333,0.2
0,GasterBlaster,1,640,480,379,446,270,0.333,0.2
0.7,GasterBlaster,1,0,0,189,176,45,0.333,0.2
0,GasterBlaster,1,640,0,449,176,135,0.333,0.2
0,GasterBlaster,1,640,480,449,436,225,0.333,0.2
0,GasterBlaster,1,0,480,189,436,315,0.333,0.2
0.7,GasterBlaster,1,0,0,189,246,0,0.333,0.2
0,GasterBlaster,1,0,0,259,166,90,0.333,0.2
0,GasterBlaster,1,640,480,449,366,180,0.333,0.2
0,GasterBlaster,1,640,480,379,446,270,0.333,0.2
0.5,GasterBlaster,2,0,240,139,306,0,0.666,0.5
0,GasterBlaster,2,640,240,499,306,180,0.666,0.5
0,SansAnimation,Tired,,,,,,,
3,SansHead,Default,,,,,,,
0,SansHead,Wink,,,,,,,
0,SansText,Cheer up buddy.,,,,,,,
0,SansTorso,Shrug,,,,,,,
0,SansText,It'll be over soon.,,,,,,,
0.05,EndAttack,,,,,,,,
